{"jsonrpc":"2.0","id":25,"result":{"content":[{"type":"text","text":"{\"customer_id\":\"3482883125\",\"total_results\":2,\"results\":[{\"campaign\":{\"resourceName\":\"customers/3482883125/campaigns/23543619801\",\"name\":\"9-2\",\"id\":\"23543619801\"},\"adGroup\":{\"resourceName\":\"customers/3482883125/adGroups/194078574858\",\"id\":\"194078574858\",\"name\":\"المجموعة الإعلانية رقم 1\"},\"metrics\":{\"clicks\":\"99\",\"conversionsValue\":6,\"conversions\":6,\"costMicros\":\"323564754\",\"costPerConversion\":53927459,\"ctr\":0.17398945518453426,\"averageCpc\":3268330.8484848486,\"impressions\":\"569\"}},{\"campaign\":{\"resourceName\":\"customers/3482883125/campaigns/23605396515\",\"name\":\"29-2\",\"id\":\"23605396515\"},\"adGroup\":{\"resourceName\":\"customers/3482883125/adGroups/193258002186\",\"id\":\"193258002186\",\"name\":\"المجموعة الإعلانية رقم 1\"},\"metrics\":{\"clicks\":\"1479\",\"conversionsValue\":732,\"conversions\":732,\"costMicros\":\"2912074921\",\"costPerConversion\":3978244.4275956284,\"ctr\":0.09021593265828962,\"averageCpc\":1968948.5605138608,\"impressions\":\"16394\"}}],\"execution_time_ms\":2434}"}]}}